Date,City,State,Latitude,Longitude,Shape,Duration,Summary,Images,Url,UrlImage
2/28/23 18:50,Washington,DC,38.8950368,-77.0365427,Light,Ongoing,A motorist stopped us to point out two lighted objects in the sky.    NUFORC Note: Jupiter and Venus,Yes,https://nuforc.org/webreports/reports/174/S174755.html,https://nuforc.org/wp-content/uploads/wpforms/624-c824613929464448a7e062112379f845/1677628392960205496780358762867-606a389f2f2a884a2234a6095176ca25.jpg
11/6/22 19:46,Washington dc,DC,38.8950368,-77.0365427,Light,38 seconds,3 red lights forming a triangle and maneuvering in sync,Yes,https://nuforc.org/webreports/reports/173/S173540.html,https://nuforc.org/wp-content/uploads/wpforms/624-c824613929464448a7e062112379f845/4FAC23A5-4D2C-47E0-A53C-25BD16349785-c96603426e1c8d8c8abe3b60eb8e1cd0.jpeg
10/21/22 21:15,Washington DC,DC,38.8950368,-77.0365427,Formation,10 seconds,I was walking home and took a picture of the monument.  ((NUFORC Note:  Lens flare caused by photographing bright lights.  PD)),Yes,https://nuforc.org/webreports/reports/172/S172442.html,https://nuforc.org/wp-content/uploads/wpforms/624-c824613929464448a7e062112379f845/95779123-5EF3-4CCF-B98B-98A641E5B25F-4419001511cd95bf77dba8681fd15c78.jpeg
10/21/22 20:51,Washington dc,DC,38.8950368,-77.0365427,Formation,5 sec,I was walking home and took a few pic of the monument.  ((NUFORC Note:  Lens flares.  PD)),Yes,https://nuforc.org/webreports/reports/172/S172439.html,https://nuforc.org/wp-content/uploads/wpforms/624-c824613929464448a7e062112379f845/056EDA89-DE32-403C-BDFB-A4F41DA67B0F-44adfed4551d261990903831fe7ff252.jpeg
8/21/22 21:48,Washington DC,DC,38.8950368,-77.0365427,Light,20 seconds,Fast moving light in sky over Washington DC,,https://nuforc.org/webreports/reports/171/S171305.html,
2/7/22 18:39,"Washington, D.C.",DC,38.8950368,-77.0365427,Unknown,Half a second,I saw something big and pitch black fly between my building and the building across the street that was completely silent.,,https://nuforc.org/webreports/reports/166/S166617.html,
7/1/21 17:24,Washington,DC,38.8950368,-77.0365427,Circle,2 minutes,Spherical UFO flies behind the US capitol building.,,https://nuforc.org/webreports/reports/164/S164757.html,
6/13/21 13:36,Washington,DC,38.8950368,-77.0365427,Other,10 minutes,Georgetown Bridge P Street and 23er Street NW,Yes,https://nuforc.org/webreports/reports/174/S174551.html,https://nuforc.org/wp-content/uploads/wpforms/624-c824613929464448a7e062112379f845/92FD885E-7035-4B8B-A6D2-55409E8F4816-4d1b38497e603ff7e977becce88a3dd6.jpeg
5/27/21 00:00,"Washington, D.C.",DC,38.8950368,-77.0365427,Light,4 seconds,Light dots moving in the sky,,https://nuforc.org/webreports/reports/163/S163677.html,
5/27/21 06:50,Washington,DC,38.8950368,-77.0365427,Light,10 seconds,Light charging from one dot to multiple dots of light crossing the sky,Yes,https://nuforc.org/webreports/reports/174/S174555.html,https://nuforc.org/wp-content/uploads/wpforms/624-c824613929464448a7e062112379f845/57998F56-7DBA-4BE4-9FA8-A54DD7F51F55-07df879edba16e518889e939059fb3aa.jpeg
4/14/21 23:29,"Washington, DC",DC,38.8950368,-77.0365427,Triangle,1 hour,"Washington, DC, craft and sky events",,https://nuforc.org/webreports/reports/162/S162992.html,
12/10/20 18:00,Washington,DC,38.8950368,-77.0365427,Light,30 seconds,Bright light not blinking moves across sky making no sound.,,https://nuforc.org/webreports/reports/161/S161166.html,
11/20/20 16:44,Washington,DC,38.8950368,-77.0365427,Circle,10 minutes,In car driving into DC and saw two UFOs,Yes,https://nuforc.org/webreports/reports/168/S168398.html,https://nuforc.org/wp-content/uploads/wpforms/624-c824613929464448a7e062112379f845/A988F099-2A6F-49C5-B646-D5386917E470-9900df48b9879084b2ba1bd1ecc54868.png
6/16/18 21:58,Washington,DC,38.8950368,-77.0365427,Light,,"Took a photo of the waxing moon June 16, 2018, and notice ufo in photo.",,https://nuforc.org/webreports/reports/141/S141866.html,
5/14/18 00:00,"Washington, D.C.",DC,38.8950368,-77.0365427,Disk,5 minutes,Odd this is the second time its Happened!,,https://nuforc.org/webreports/reports/141/S141492.html,
12/21/17 06:24,Washington,DC,38.8950368,-77.0365427,Unknown,1 minute,Buzzing Lighted Craft.  ((anonymous report)),,https://nuforc.org/webreports/reports/137/S137906.html,
5/12/17 14:30,"Washington, DC",DC,38.8950368,-77.0365427,Orb,1 hour +,"Directly SE of DC, driving S on 395 I saw a BRIGHT yellow light ~3000' in the sky COMPLETELY still.  ((anonymous report))",,https://nuforc.org/webreports/reports/134/S134088.html,
10/2/16 11:00,"Washington, D.C.",DC,38.8950368,-77.0365427,Other,4 minutes,I have never reported a sighting before so please forgive missing details. I was walking home Sunday morning around 1100hrs in northwes,,https://nuforc.org/webreports/reports/130/S130418.html,
8/8/16 22:00,Washington,DC,38.8950368,-77.0365427,Triangle,ongoing,There are 3 lights in the DC sky that are stationary and forming a triangle.,,https://nuforc.org/webreports/reports/129/S129066.html,
4/12/16 01:30,"Washington, D.C.",DC,38.8950368,-77.0365427,Circle,Few seconds,"Watching tv, I see a round object with a bright light coming from it. The object flew across the sky at about",,https://nuforc.org/webreports/reports/126/S126821.html,
3/15/16 23:15,"Washington, D.C.",DC,38.8950368,-77.0365427,Chevron,2 minutes,large boomerang floating across sky in wash.d.c.-observed with night vision goggles.,,https://nuforc.org/webreports/reports/126/S126394.html,
10/17/15 13:00,"Washington, D.C.",DC,38.8950368,-77.0365427,Unknown,10 seconds,"'Unidentified Ground Object' Spotted in Northwest, Washington, DC",,https://nuforc.org/webreports/reports/133/S133145.html,
2/9/15 20:20,"Washington, DC",DC,38.8950368,-77.0365427,Changing,40 minutes,"A colorful object was seen from a far distance. It gave off red, then orange. then yellowish white light.  have pictures.",,https://nuforc.org/webreports/reports/117/S117249.html,
1/1/15 21:25,"Washington, D.C.",DC,38.8950368,-77.0365427,Other,2 minutes,"2 glowing orange crafts, in the shape of hang-gliders, passed across the sky.",,https://nuforc.org/webreports/reports/116/S116440.html,
12/23/14 02:20,Wilmington,DC,38.8362003,-77.0044374,Circle,20 minutes +,"Sighting of a look alike 6 bright star like in circle with 1 bright starlike in middle in Wilmington, De 12/22/2014.",,https://nuforc.org/webreports/reports/116/S116298.html,
12/8/14 01:00,"Washington, D.C.",DC,38.8950368,-77.0365427,Flash,2 seconds,Saw a green orb shoot straight down. Too low for a shooting star. Brilliant emerald color.,,https://nuforc.org/webreports/reports/122/S122780.html,
8/27/14 19:40,"Washington, DC",DC,38.8950368,-77.0365427,Light,4 minutes,A light as if a star was observed around 7:30 PA while it was still bright and no other stars were visible. Initially I thought that th,,https://nuforc.org/webreports/reports/112/S112984.html,
7/31/14 18:30,"Washington, D.C.",DC,38.8950368,-77.0365427,Light,5 minutes,"Green, red light that hovered, moved, hovered and disappeared.",,https://nuforc.org/webreports/reports/112/S112080.html,
6/20/14 21:00,"Washington, D.C.",DC,38.8950368,-77.0365427,Formation,30 minutes,"Multiple light formation seen at 9pm Friday, June 20th, over the Potomac river in VA, from tallest hill in Washington, DC.",,https://nuforc.org/webreports/reports/110/S110454.html,
2/22/14 10:30,"Washington, D.C.",DC,38.8950368,-77.0365427,Formation,20 seconds,8 orbs of light flew  directly over head in a formation before a synchronized deformation and dissapearance. Lone orb 5 min later.,,https://nuforc.org/webreports/reports/107/S107425.html,
7/4/13 23:30,"Washington, D.C.",DC,38.8950368,-77.0365427,Triangle,5 seconds,"Triangular shaped object flew across sky during Wash, DC 7/4/13 fireworks display.",,https://nuforc.org/webreports/reports/102/S102325.html,
3/16/13 13:00,"Washington, D.C.",DC,38.8950368,-77.0365427,Circle,seconds,Taking a picture and two objects moved quickly past in both pictures.  It was so quick no one saw them but they are in the two pictures,,https://nuforc.org/webreports/reports/096/S96665.html,
12/31/12 01:20,"Washington, D.C.",DC,38.8950368,-77.0365427,Triangle,10-15 minutes,"Saw a triangular craft flying north to south, few minutes saw a chemtrail moving east to west.",,https://nuforc.org/webreports/reports/095/S95620.html,
12/4/12 14:00,"Washington, D.C.",DC,38.8950368,-77.0365427,Orb,15:00,"MUFON CONFIRMS ORB UFOS OVER WASHINGTON DC, DEC. 2012.",,https://nuforc.org/webreports/reports/094/S94980.html,
8/9/12 03:00,Washington,DC,38.8950368,-77.0365427,Light,10 minutes,6 glowing objects fly near roof. (reoccuring),,https://nuforc.org/webreports/reports/091/S91668.html,
7/26/12 22:30,"Washington, D.C.",DC,38.8950368,-77.0365427,Light,30 minutes,Ball of light brighly flashing green and orange.,,https://nuforc.org/webreports/reports/091/S91225.html,
7/25/12 21:30,Washington,DC,38.8950368,-77.0365427,Changing,10-15 minutes,"3 objects in 15 minutes, 2 balls of light moving north to south and 1 shape changing white ""ball"" moving in same direction",,https://nuforc.org/webreports/reports/091/S91507.html,
7/4/12 23:40,"Washington, D.C.",DC,38.8950368,-77.0365427,Light,15 minutes,"Two lights/objects over DC with quick, erratic movements",,https://nuforc.org/webreports/reports/090/S90947.html,
7/4/12 21:06,Washington,DC,38.8950368,-77.0365427,Sphere,5.5 seconds,"Luminous spheres in flight, then suddenly vanishing into nothingness",,https://nuforc.org/webreports/reports/090/S90706.html,
6/22/12 20:02,"Washington, D.C.",DC,38.8950368,-77.0365427,Other,1 ML sec,Perfectly vertical streak of light,,https://nuforc.org/webreports/reports/090/S90045.html,
5/6/12 22:52,"Washington, D.C.",DC,38.8950368,-77.0365427,Sphere,3 seconds,"2 luminous spheres converged into the image frame from 2 different directions, and flew by",,https://nuforc.org/webreports/reports/089/S89083.html,
4/9/12 03:00,"Washington, D.C.",DC,38.8950368,-77.0365427,Light,3 minutes,"At about 3:00 am I was watching out my window, which faced East. I noticed a very bright ball of light passing from North to South. It",,https://nuforc.org/webreports/reports/088/S88540.html,
1/29/12 19:20,Washington,DC,38.8950368,-77.0365427,Other,8 to 10 seconds,A group of darting/revolving round white lights moving together at a very high speed across the sky.,,https://nuforc.org/webreports/reports/086/S86921.html,
12/11/11 20:08,Washington,DC,38.8950368,-77.0365427,Cylinder,4 seconds,Luminous object thought to be a star?,,https://nuforc.org/webreports/reports/085/S85909.html,
12/5/11 23:00,"Washington, D.C.",DC,38.8950368,-77.0365427,,1 minute,"22:55 U.S. eastern  From a third floor balcony facing Northwest, observed a bright red-orange light that I thought at first was a Chine",,https://nuforc.org/webreports/reports/085/S85705.html,
7/31/11 19:30,"Washington, D.C.",DC,38.8950368,-77.0365427,Sphere,10 seconds,while watching the debt debate on cnn news channel we witnessed an ornage sphere flying over the capital during an commercial break on,,https://nuforc.org/webreports/reports/082/S82877.html,
7/4/11 00:00,"Washington, D.C.",DC,38.8950368,-77.0365427,Cylinder,1.5 seconds,Black cylinder zips through Fireworks.at the Washington Monument,,https://nuforc.org/webreports/reports/082/S82325.html,
7/4/11 21:15,"Washington, D.C.",DC,38.8950368,-77.0365427,Cylinder,2 seconds,My family and I saw something fly over head silently and without lights.,,https://nuforc.org/webreports/reports/082/S82403.html,
6/15/11 20:19,Georgetown,DC,38.9051994,-77.062785,Disk,6 seconds,metallic disk hovering silent in crowded airspace shoots up out of site leaves smoke cloud,,https://nuforc.org/webreports/reports/081/S81797.html,
5/21/11 20:00,"Washington, D.C.",DC,38.8950368,-77.0365427,Triangle,on going,((HOAX??))  Saw hover triangle with eight lights in D.C.,,https://nuforc.org/webreports/reports/081/S81353.html,
2/12/11 22:24,"Washington, D.C.",DC,38.8950368,-77.0365427,Light,50 minutes,I was watching web-cams in Washington DC as The Agency had notified forums members on the 10th of Feb that they would fly their craft o,,https://nuforc.org/webreports/reports/080/S80106.html,
8/28/10 22:06,Washington,DC,38.8950368,-77.0365427,Fireball,2 minutes,Red flaming object flying low over Washington DC with no sound,,https://nuforc.org/webreports/reports/077/S77477.html,
7/25/10 10:00,"Washington, D.C.",DC,38.8950368,-77.0365427,,30 seconds,"I saw a silver metallic ball fly over my house in Wash., D.C. in broad daylight!",,https://nuforc.org/webreports/reports/076/S76934.html,
7/20/10 03:18,"Washington, D.C.",DC,38.8950368,-77.0365427,Sphere,3 seconds,"At 03:18 AM I was called to take a look at a bright object, by a friend. I went outside with my camera and camera platform (tripod) and",,https://nuforc.org/webreports/reports/076/S76739.html,
7/20/10 03:10,"Washington, D.C.",DC,38.8950368,-77.0365427,Sphere,5 minutes,Moving star with beam of light,,https://nuforc.org/webreports/reports/076/S76930.html,
7/20/10 03:00,"Washington, D.C.",DC,38.8950368,-77.0365427,Light,nightly,"	I live in Wash., D.C. For weeks I had observed a bright luminous celestial body in the sky I couldnt identify. The object would rise",,https://nuforc.org/webreports/reports/076/S76932.html,
7/4/10 21:11,"Washington, D.C.",DC,38.8950368,-77.0365427,Sphere,1 second,"2 luminous objects  over Washington Monument July 4, 2010",,https://nuforc.org/webreports/reports/076/S76130.html,
7/4/10,"Washington, D.C.",DC,38.8950368,-77.0365427,Circle,2mn.,I saw Two ufo object's over the Washington Monument during the 4th. of July events.,,https://nuforc.org/webreports/reports/077/S77103.html,
6/19/10 14:00,"Washington, D.C.",DC,38.8950368,-77.0365427,Disk,unknown,In June 19 while on vacation in Washington CD with my wife I took a photo of this sighting by chance. We didn't know of the UFOs until,,https://nuforc.org/webreports/reports/076/S76846.html,
5/8/10 23:00,"Washington, D.C.",DC,38.8950368,-77.0365427,Light,5 min,two star light object seen minutes apart moving slowly across the sky originating and ending at the same locaiton,,https://nuforc.org/webreports/reports/075/S75349.html,
4/30/10 20:45,"Washington, D.C.",DC,38.8950368,-77.0365427,Sphere,1 minute,luminous craft with halo's in slow flight over the rooftops of the buildings,,https://nuforc.org/webreports/reports/075/S75307.html,
2/14/10 12:00,"Washington, D.C.",DC,38.8950368,-77.0365427,Oval,Unknown,Object spotted in photos of D.C.,,https://nuforc.org/webreports/reports/074/S74386.html,
12/9/09 23:00,"Washington, D.C.",DC,38.8950368,-77.0365427,Sphere,one minute,Sighting of a large flying sphere near our nation's capital.,,https://nuforc.org/webreports/reports/073/S73630.html,
8/19/09 20:57,"Washington, D.C.",DC,38.8950368,-77.0365427,Fireball,2 seconds,"a vectoring orange streak, which at the end of forwards vectoring, makes a sudden 90 degree turn?",,https://nuforc.org/webreports/reports/071/S71952.html,
8/10/09 23:12,"Washington, D.C.",DC,38.8950368,-77.0365427,Other,5 minutes,I captured a red sphere like anomaly in 15 frames of 1080 i HD imagery? 5 minutes later and 100 yards from POV we stopped the car and I,,https://nuforc.org/webreports/reports/071/S71713.html,
5/27/09 23:00,"Washington, D.C.",DC,38.8950368,-77.0365427,Fireball,4 minutes,"Glowing orb with sharp turns in Washington ,DC",,https://nuforc.org/webreports/reports/070/S70233.html,
3/20/09 20:40,"Washington, D.C.",DC,38.8950368,-77.0365427,Other,5 minutes,The object looked like top of a heart shape and was very large and appeared to make no noise and also had no patter,,https://nuforc.org/webreports/reports/069/S69305.html,
1/20/09 17:00,"Washington, D.C.",DC,38.8950368,-77.0365427,Cigar,1 sec,I was watching this video on cnn.com look in the far right and watch object fly past sky infront of statue,,https://nuforc.org/webreports/reports/068/S68156.html,
1/20/09,"Washington, D.C.",DC,38.8950368,-77.0365427,,,"Hello, im a 17 year old girl and Im from New York.  I was watching a video, before Barack Obama inaguration, these news people were spe",,https://nuforc.org/webreports/reports/068/S68185.html,
1/2/09 20:00,"Washington, D.C.",DC,38.8950368,-77.0365427,Sphere,split second,A green colored sphere appeared out of nowhere and fell straight to the ground,,https://nuforc.org/webreports/reports/067/S67826.html,
11/18/08 19:06,"Washington, D.C.",DC,38.8950368,-77.0365427,Other,19:06:54,UFO flies into frames taken @ US Capitol Building @ 17:06 PM 1080 HD,,https://nuforc.org/webreports/reports/066/S66992.html,
9/23/08 21:00,"Washington, D.C.",DC,38.8950368,-77.0365427,Light,56 minutes,3 lights moving very smoothley at the capital,,https://nuforc.org/webreports/reports/066/S66051.html,
8/17/08 22:06,"Washington, D.C.",DC,38.8950368,-77.0365427,Egg,1 minute,(egg shaped) anomaly shooting a beam of light towards the ground?,,https://nuforc.org/webreports/reports/065/S65274.html,
8/13/08 20:00,"Washington, D.C.",DC,38.8950368,-77.0365427,Cylinder,3 to 5 min,Cylindrical object over Washington D.C. viewd from near Smithsonian Metro Station,,https://nuforc.org/webreports/reports/065/S65713.html,
6/11/08 16:45,"Washington, D.C.",DC,38.8950368,-77.0365427,Disk,1.5 -3 min,Daytime sighting of bright light changing to stationary white/blue gray annulus and then moved very fast.,,https://nuforc.org/webreports/reports/063/S63874.html,
5/29/08 06:47,"Washington, D.C.",DC,38.8950368,-77.0365427,Other,30 min,"It was a round white light with tentacles sticking out blue and white, look like a spider.",,https://nuforc.org/webreports/reports/063/S63609.html,
1/3/08,"Washington, D.C.",DC,38.8950368,-77.0365427,Disk,1 min,"The news caster seen it also, then shut up. I saw it plain as day.

 500 Lights On Object0: Yes",,https://nuforc.org/webreports/reports/080/S80356.html,
10/31/07 21:45,"Washington, D.C.",DC,38.8950368,-77.0365427,Sphere,about 1 hour,"Two UFO's Lingering In The Sky On October 31, Followed By Lights And Surrounded By Green Fog.  ((NUFORC Note:  Satellites??  PD))",,https://nuforc.org/webreports/reports/059/S59547.html,
3/5/07 19:00,"Washington, D.C.",DC,38.8950368,-77.0365427,Other,10 min,"Hovering saucer-shaped object, yellow lights, approached by bronze-colored object, triangular or flying wing shape, which hovered near.",,https://nuforc.org/webreports/reports/055/S55562.html,
1/27/07 12:30,"Washington, D.C.",DC,38.8950368,-77.0365427,Fireball,4 seconds,Fireball Over Capitol Hill- Very Long Deep Blue Tail- During Anti- War Rally,,https://nuforc.org/webreports/reports/055/S55160.html,
12/30/06 20:00,"Washington, D.C.",DC,38.8950368,-77.0365427,Light,,cell phone picture of Capitol - apparent objects,,https://nuforc.org/webreports/reports/055/S55114.html,
11/10/06 08:20,"Washington, D.C. (area)",DC,38.8838777,-77.0244424,Cylinder,30 Seconds,"Sighting recorded Friday November 10th, 8:20AM. I witnessed an object off the lower left side of the plane (South/West). It would be be",,https://nuforc.org/webreports/reports/053/S53400.html,
9/11/06 01:00,"Washington, D.C.",DC,38.8950368,-77.0365427,Diamond,12 minutes,"((HOAX??)) It was a very shiny diamond-shaped crystal UFO craft, and it sounded like a high pitched whistle.",,https://nuforc.org/webreports/reports/053/S53915.html,
5/17/06 00:30,"Washington, D.C.",DC,38.8950368,-77.0365427,Triangle,10 seconds,black triangular object with three red lights underneath it flying over DC,,https://nuforc.org/webreports/reports/050/S50661.html,
4/16/06 23:00,"Washington, D.C.",DC,38.8950368,-77.0365427,Triangle,20 minutes,This is my second report of these Triangular shapped flying objects with red flashing lights.  This second sighting compelled me to rep,,https://nuforc.org/webreports/reports/050/S50700.html,
4/5/06 00:45,"Washington, D.C.",DC,38.8950368,-77.0365427,Oval,1.5  min,Large object covers the moon,,https://nuforc.org/webreports/reports/049/S49972.html,
2/15/06 04:15,"Washington, D.C.",DC,38.8950368,-77.0365427,Formation,30 seconds,a formation of dimly glowing objects...maybe birds?  Very odd.,,https://nuforc.org/webreports/reports/049/S49141.html,
12/6/05 20:40,"Washington, D.C.",DC,38.8950368,-77.0365427,Formation,2 minutes,I witnessed a series of lights traveling from the north (heading south) over the nation's capital from my apartment balcony. At first I,,https://nuforc.org/webreports/reports/048/S48204.html,
7/27/05 06:30,"Washington, D.C.",DC,38.8950368,-77.0365427,Disk,25 Minutes,U.F.O. Reported in Washington D.C.,,https://nuforc.org/webreports/reports/045/S45280.html,
5/22/05 22:00,"Washington, D.C.",DC,38.8950368,-77.0365427,Light,still going on. its now 1,Unidentified Light circling houses,,https://nuforc.org/webreports/reports/044/S44076.html,
12/11/04 19:00,"Washington, D.C.",DC,38.8950368,-77.0365427,Unknown,unknown,Possible UFO seen in skies over nation's capital,,https://nuforc.org/webreports/reports/041/S41095.html,
12/9/04 03:00,"Washington, D.C.",DC,38.8950368,-77.0365427,,,"this being was observed in the city.  ((NUFORC Note:  Bizarre creature apparently witnessed by sec. guard in Washington, D.C..  PD))",,https://nuforc.org/webreports/reports/041/S41442.html,
12/8/04 23:00,"Washington, D.C.",DC,38.8950368,-77.0365427,Other,,In the air flying very low 20 feet above tree line. No sound at all. Moving from north to south. looked like a flat dark hangglyder typ,,https://nuforc.org/webreports/reports/041/S41043.html,
10/31/04 20:00,"Washington, D.C.",DC,38.8950368,-77.0365427,Light,10-15 seconds,3-4 crazy star-like objects moving at very high speeds and direction change. defies convention. I saw over D.C!,,https://nuforc.org/webreports/reports/041/S41450.html,
9/29/04 02:30,"Washington, D.C.",DC,38.8950368,-77.0365427,Circle,10 minutes,"circular disc coming to a slight point-like the bottom of a top, only flatter-lights pointing at Andrews Air Force Base or Reagan Nat'l",,https://nuforc.org/webreports/reports/044/S44810.html,
8/31/04 15:39,"Washington, D.C.",DC,38.8950368,-77.0365427,Cigar,Five seconds,"Cigar-shaped craft over Washington, D.C.",,https://nuforc.org/webreports/reports/038/S38986.html,
7/17/04 18:10,"Washington, D.C.",DC,38.8950368,-77.0365427,Flash,Split second,"Bright flash of light exploding off the horizon into space - Washington, DC",,https://nuforc.org/webreports/reports/038/S38188.html,
5/25/04 08:10,"Washington, D.C.",DC,38.8950368,-77.0365427,Other,10 seconds,Craft with bright white lights motionless over Southwest Washington D.C.,,https://nuforc.org/webreports/reports/037/S37154.html,
5/21/04 22:42,"Washington, D.C.",DC,38.8950368,-77.0365427,Orb,five minutes,Lights moving in a counterclockwise oval pattern,,https://nuforc.org/webreports/reports/037/S37139.html,
3/13/04 18:30,"Washington, D.C.",DC,38.8950368,-77.0365427,Disk,less than one minute?,I am not the witness to this sighting.  My sister mentioned that a lady in her office saw the UFO along with her husband while in their,,https://nuforc.org/webreports/reports/036/S36435.html,
3/2/04 20:30,"Washington, D.C.",DC,38.8950368,-77.0365427,Light,1 minute,"A ""formation"" of about 20 pale lights moved slowly across the Washington, D.C. evening sky.",,https://nuforc.org/webreports/reports/035/S35780.html,
11/30/03 16:00,"Washington, D.C.",DC,38.8950368,-77.0365427,Light,10 seconds,Bright light that was stationary and moved and light became smaller over a 10 sec period untill it vanashed,,https://nuforc.org/webreports/reports/033/S33497.html,
7/22/03 21:15,"Washington, D.C.",DC,38.8950368,-77.0365427,Chevron,2 minutes,"Chevron-shaped craft gliding over Washington, D.C.",,https://nuforc.org/webreports/reports/030/S30311.html,
1/27/03 02:30,"Washington, D.C.",DC,38.8950368,-77.0365427,Light,1 hour,"Light hovering in sky that jerked and wobbled about, surrounded by brief flashes of light",,https://nuforc.org/webreports/reports/027/S27321.html,
12/8/02 16:55,"Washington, D.C.",DC,38.8950368,-77.0365427,Disk,,Disk,,https://nuforc.org/webreports/reports/026/S26509.html,
11/19/02 05:25,"Washington, D.C.",DC,38.8950368,-77.0365427,Triangle,30 seconds,"Three orange triangular lights in the Washington, DC sky during the Leonids.",,https://nuforc.org/webreports/reports/026/S26221.html,
9/8/02 20:00,"Washington, D.C. (Georgetown)",DC,38.91667925,-77.0680748154191,Rectangle,30 min,Red white and green rectangular object tilted rhythmically while moving horizontally above the Potomic River.,,https://nuforc.org/webreports/reports/024/S24958.html,
7/26/02 01:00,"Washington, D.C.",DC,38.8950368,-77.0365427,Circle,UNKNOWN,Military Jets scrambled and chased unknown flying object,,https://nuforc.org/webreports/reports/023/S23912.html,
7/26/02 01:00,"Washington, D.C.",DC,38.8950368,-77.0365427,,,while listening to pbs on sat early am news I heard this report: of 2 fighter jets scrambled over dc due to an unidentified aircraft sh,,https://nuforc.org/webreports/reports/024/S24011.html,
7/25/02 00:30,"Washington, D.C.",DC,38.8950368,-77.0365427,Light,5 minutes,coloured moving lights over washington,,https://nuforc.org/webreports/reports/049/S49922.html,
7/20/02 19:15,"Washington, D.C.",DC,38.8950368,-77.0365427,Fireball,2 minutes,Green Object in the Night sky over the nations capital,,https://nuforc.org/webreports/reports/023/S23965.html,
7/16/02 01:30,"Washington, D.C.",DC,38.8950368,-77.0365427,Sphere,45 seconds,"On July 16, 2002 at 1:30 am, I went to photograph a building called the Carpenters Building. It had started to rain, and I didn't want ",,https://nuforc.org/webreports/reports/024/S24513.html,
6/6/02 19:00,"Washington, D.C.",DC,38.8950368,-77.0365427,Changing,20 minutes,"Strange, yellowish light spinning behind President Bush's head during 6/6/02 speech",,https://nuforc.org/webreports/reports/023/S23170.html,
6/6/02 18:08,"Washington, D.C.",DC,38.8950368,-77.0365427,Light,35 approx.,UFO sighting during President speech,,https://nuforc.org/webreports/reports/023/S23180.html,
12/14/01 23:30,"Washington, D.C.",DC,38.8950368,-77.0365427,Triangle,1-2 minutes,Three lights in a triangular formation being followed by a smaller light.,,https://nuforc.org/webreports/reports/020/S20834.html,
9/11/01 09:00,"Washington, D.C.",DC,38.8950368,-77.0365427,Orb,1 min,Small orbs circle the pentagon on Sept 11th,,https://nuforc.org/webreports/reports/050/S50894.html,
7/23/01 18:20,"Washington, D.C.",DC,38.8950368,-77.0365427,Fireball,15-20 Mins ?,Delta 434 reported flaming falling object which left a visible contrail.,,https://nuforc.org/webreports/reports/018/S18596.html,
7/23/01 18:17,"Washington, D.C.",DC,38.8950368,-77.0365427,Fireball,unknown,Ball of fire on the East Coast.,,https://nuforc.org/webreports/reports/018/S18602.html,
5/12/01 22:00,"Washington, D.C.",DC,38.8950368,-77.0365427,Fireball,20 mn,"I was on my way to Washinton D.C. Getting to the entrance to the city  i was listening to my radio, my friend was driving and i was jus",,https://nuforc.org/webreports/reports/017/S17708.html,
5/11/01 14:55,"Washington, D.C.",DC,38.8950368,-77.0365427,Oval,15 minutes,Silver ball shape over DC.,,https://nuforc.org/webreports/reports/017/S17610.html,
11/9/00 08:47,"Washington, D.C.",DC,38.8950368,-77.0365427,Disk,4 minutes,UFO appearing behind BBC correspondent on Breakfast News during US Election coverage (November 2000),,https://nuforc.org/webreports/reports/014/S14874.html,
10/15/00 12:30,"Washington, D.C.",DC,38.8950368,-77.0365427,Unknown,5 minutes,Unusual Contrail..had evenly spaced lines across the entire length of the contrail,,https://nuforc.org/webreports/reports/014/S14949.html,
10/15/00 12:00,"Washington, D.C.",DC,38.8950368,-77.0365427,Unknown,unk,"Observed unusual contrail very high above the Mall between the Museums. It ran North/South,was white in color against the blue sky and ",,https://nuforc.org/webreports/reports/014/S14870.html,
9/29/00 16:35,"Washington, D.C.",DC,38.8950368,-77.0365427,Circle,~15 minutes,Saw dancing metallic balls high in the sky over the Mall that moved unlike any plane I've EVER seen before.,,https://nuforc.org/webreports/reports/014/S14332.html,
3/3/00 22:05,"Washington, D.C.",DC,38.8950368,-77.0365427,Light,10 seconds,I observed two small lights cross the night sky from approximately Orion to the North Star.  They appeared to be chasing one another.,,https://nuforc.org/webreports/reports/012/S12198.html,
1/1/00 01:00,"Washington, D.C.",DC,38.8950368,-77.0365427,Cylinder,about 1 minute,Near end of 1AM fireworks while standing outside Metro station in DC observed at least 5 cylindrical things moving at high speed across,,https://nuforc.org/webreports/reports/011/S11594.html,
8/14/99 20:00,"Washington, D.C.",DC,38.8950368,-77.0365427,Disk,2 minutes,"Black motionless disk spotted in the evening above Washington, D.C.",,https://nuforc.org/webreports/reports/008/S08654.html,
4/14/99 22:30,"Washington, D.C.",DC,38.8950368,-77.0365427,Fireball,15 seconds,Intensely fast green glowing fireball crossed the sky from nw to se over the Washington DC beltway and went below the viewable horizon.,,https://nuforc.org/webreports/reports/006/S06176.html,
7/24/98 14:30,"Washington, D.C. (Capitol Hill)",DC,38.8788884,-76.99324909817585,Cigar,split second,"Visiting the capital and city, did not see object at all while taking the pictures, object was unseen at the time.   Took two pictures,",,https://nuforc.org/webreports/reports/004/S04330.html,
7/28/97 13:00,"Washington, D.C.",DC,38.8950368,-77.0365427,other,.23 secs,"While on vacation in Washington, DC, standing in front of the White House, my 8 yr old son captured something very strange on our video",,https://nuforc.org/webreports/reports/002/S02734.html,
7/4/97 23:00,"Washington, D.C.",DC,38.8950368,-77.0365427,Other,30 seconds,"Elongated and flattened 6 inch dome, with 1 bright light, hovers and darts like dragonfly, D.C. Mall, 7-4-97",,https://nuforc.org/webreports/reports/068/S68051.html,
7/4/97 23:00,"Washington, D.C.",DC,38.8950368,-77.0365427,Other,30 seconds,"Elongated and flattened "" dome,"" with 1 bright light, hovers and darts like dragonfly, D.C. Mall, July 4th 1997",,https://nuforc.org/webreports/reports/090/S90895.html,
10/15/95 22:00,"Washington, D.C.",DC,38.8950368,-77.0365427,Light,10 Minutes,Million Man March had visitors?,,https://nuforc.org/webreports/reports/027/S27066.html,
6/6/74 20:30,"Washington, D.C.",DC,38.8950368,-77.0365427,Disk,two minutes,"Roiling, red/orange disk traverses nation's capitol at supersonic speed, near White House...never reported (1974).",,https://nuforc.org/webreports/reports/032/S32579.html,
4/4/62,"Washington, D.C. (area)",DC,38.8838777,-77.0244424,Sphere,total 30 to 40 minutes,"My brother.

At a family gathering in the early 1960s when my brother, who served in a special part of the armed forces, revealed tha",,https://nuforc.org/webreports/reports/032/S32758.html,
6/1/55,"Washington, D.C.",DC,38.8950368,-77.0365427,Formation,,"Two fighter airplanes, assigned to inspect a white-dot cluster, suddenly disappear off radar, and then the cluster also disappears.",,https://nuforc.org/webreports/reports/065/S65946.html,
7/13/53 21:00,"Washington, D.C.",DC,38.8950368,-77.0365427,Orb,3-5 min.,"Four of us saw a ball of light come out of the sky, circle a plane then shoot off out of sight.",,https://nuforc.org/webreports/reports/049/S49403.html,
7/17/52,"Washington, D.C.",DC,38.8950368,-77.0365427,Unknown,long,http://www.washingtonpost.com/wp-dyn/articles/A31625-2002Jul19.html,,https://nuforc.org/webreports/reports/024/S24009.html,
